{"Version":1,"ManifestType":"Publish","Endpoints":[{"Route":"css/rate-exchange.css","AssetFile":"css/rate-exchange.css.gz","Selectors":[{"Name":"Content-Encoding","Value":"gzip","Quality":"0.000907441016"}],"ResponseHeaders":[{"Name":"Cache-Control","Value":"no-cache"},{"Name":"Content-Encoding","Value":"gzip"},{"Name":"Content-Length","Value":"1101"},{"Name":"Content-Type","Value":"text/css"},{"Name":"ETag","Value":"\"Gc2J6aVNdIre1vH2FkPbfW05QoYiA4DV4OcNcxRhbg8=\""},{"Name":"Last-Modified","Value":"Sun, 18 Jan 2026 16:04:38 GMT"},{"Name":"Vary","Value":"Accept-Encoding"}],"EndpointProperties":[{"Name":"integrity","Value":"sha256-iG+Bynt1jbtR0tAkfNGlsP8YLLh0mnjHs/U7xqvf5EY="},{"Name":"original-resource","Value":"\"iG+Bynt1jbtR0tAkfNGlsP8YLLh0mnjHs/U7xqvf5EY=\""}]},{"Route":"css/rate-exchange.css","AssetFile":"css/rate-exchange.css.br","Selectors":[{"Name":"Content-Encoding","Value":"br","Quality":"0.001109877913"}],"ResponseHeaders":[{"Name":"Cache-Control","Value":"no-cache"},{"Name":"Content-Encoding","Value":"br"},{"Name":"Content-Length","Value":"900"},{"Name":"Content-Type","Value":"text/css"},{"Name":"ETag","Value":"\"CdhYnY2vMydRfbpvkRkxi0yLXsuLmVMZZ9oo8umy/+s=\""},{"Name":"Last-Modified","Value":"Sun, 18 Jan 2026 16:04:39 GMT"},{"Name":"Vary","Value":"Accept-Encoding"}],"EndpointProperties":[{"Name":"integrity","Value":"sha256-iG+Bynt1jbtR0tAkfNGlsP8YLLh0mnjHs/U7xqvf5EY="},{"Name":"original-resource","Value":"\"iG+Bynt1jbtR0tAkfNGlsP8YLLh0mnjHs/U7xqvf5EY=\""}]},{"Route":"css/rate-exchange.css","AssetFile":"css/rate-exchange.css","Selectors":[],"ResponseHeaders":[{"Name":"Cache-Control","Value":"no-cache"},{"Name":"Content-Length","Value":"4135"},{"Name":"Content-Type","Value":"text/css"},{"Name":"ETag","Value":"\"iG+Bynt1jbtR0tAkfNGlsP8YLLh0mnjHs/U7xqvf5EY=\""},{"Name":"Last-Modified","Value":"Sat, 10 Jan 2026 16:17:17 GMT"},{"Name":"Vary","Value":"Accept-Encoding"}],"EndpointProperties":[{"Name":"integrity","Value":"sha256-iG+Bynt1jbtR0tAkfNGlsP8YLLh0mnjHs/U7xqvf5EY="}]},{"Route":"css/rate-exchange.css.br","AssetFile":"css/rate-exchange.css.br","Selectors":[],"ResponseHeaders":[{"Name":"Cache-Control","Value":"no-cache"},{"Name":"Content-Encoding","Value":"br"},{"Name":"Content-Length","Value":"900"},{"Name":"Content-Type","Value":"text/css"},{"Name":"ETag","Value":"\"CdhYnY2vMydRfbpvkRkxi0yLXsuLmVMZZ9oo8umy/+s=\""},{"Name":"Last-Modified","Value":"Sun, 18 Jan 2026 16:04:39 GMT"},{"Name":"Vary","Value":"Accept-Encoding"}],"EndpointProperties":[{"Name":"integrity","Value":"sha256-CdhYnY2vMydRfbpvkRkxi0yLXsuLmVMZZ9oo8umy/+s="}]},{"Route":"css/rate-exchange.css.gz","AssetFile":"css/rate-exchange.css.gz","Selectors":[],"ResponseHeaders":[{"Name":"Cache-Control","Value":"no-cache"},{"Name":"Content-Encoding","Value":"gzip"},{"Name":"Content-Length","Value":"1101"},{"Name":"Content-Type","Value":"text/css"},{"Name":"ETag","Value":"\"Gc2J6aVNdIre1vH2FkPbfW05QoYiA4DV4OcNcxRhbg8=\""},{"Name":"Last-Modified","Value":"Sun, 18 Jan 2026 16:04:38 GMT"},{"Name":"Vary","Value":"Accept-Encoding"}],"EndpointProperties":[{"Name":"integrity","Value":"sha256-Gc2J6aVNdIre1vH2FkPbfW05QoYiA4DV4OcNcxRhbg8="}]},{"Route":"css/rate-exchange.ogvh6ccqcy.css","AssetFile":"css/rate-exchange.css.gz","Selectors":[{"Name":"Content-Encoding","Value":"gzip","Quality":"0.000907441016"}],"ResponseHeaders":[{"Name":"Cache-Control","Value":"max-age=31536000, immutable"},{"Name":"Content-Encoding","Value":"gzip"},{"Name":"Content-Length","Value":"1101"},{"Name":"Content-Type","Value":"text/css"},{"Name":"ETag","Value":"\"Gc2J6aVNdIre1vH2FkPbfW05QoYiA4DV4OcNcxRhbg8=\""},{"Name":"Last-Modified","Value":"Sun, 18 Jan 2026 16:04:38 GMT"},{"Name":"Vary","Value":"Accept-Encoding"}],"EndpointProperties":[{"Name":"fingerprint","Value":"ogvh6ccqcy"},{"Name":"integrity","Value":"sha256-iG+Bynt1jbtR0tAkfNGlsP8YLLh0mnjHs/U7xqvf5EY="},{"Name":"label","Value":"css/rate-exchange.css"},{"Name":"original-resource","Value":"\"iG+Bynt1jbtR0tAkfNGlsP8YLLh0mnjHs/U7xqvf5EY=\""}]},{"Route":"css/rate-exchange.ogvh6ccqcy.css","AssetFile":"css/rate-exchange.css.br","Selectors":[{"Name":"Content-Encoding","Value":"br","Quality":"0.001109877913"}],"ResponseHeaders":[{"Name":"Cache-Control","Value":"max-age=31536000, immutable"},{"Name":"Content-Encoding","Value":"br"},{"Name":"Content-Length","Value":"900"},{"Name":"Content-Type","Value":"text/css"},{"Name":"ETag","Value":"\"CdhYnY2vMydRfbpvkRkxi0yLXsuLmVMZZ9oo8umy/+s=\""},{"Name":"Last-Modified","Value":"Sun, 18 Jan 2026 16:04:39 GMT"},{"Name":"Vary","Value":"Accept-Encoding"}],"EndpointProperties":[{"Name":"fingerprint","Value":"ogvh6ccqcy"},{"Name":"integrity","Value":"sha256-iG+Bynt1jbtR0tAkfNGlsP8YLLh0mnjHs/U7xqvf5EY="},{"Name":"label","Value":"css/rate-exchange.css"},{"Name":"original-resource","Value":"\"iG+Bynt1jbtR0tAkfNGlsP8YLLh0mnjHs/U7xqvf5EY=\""}]},{"Route":"css/rate-exchange.ogvh6ccqcy.css","AssetFile":"css/rate-exchange.css","Selectors":[],"ResponseHeaders":[{"Name":"Cache-Control","Value":"max-age=31536000, immutable"},{"Name":"Content-Length","Value":"4135"},{"Name":"Content-Type","Value":"text/css"},{"Name":"ETag","Value":"\"iG+Bynt1jbtR0tAkfNGlsP8YLLh0mnjHs/U7xqvf5EY=\""},{"Name":"Last-Modified","Value":"Sat, 10 Jan 2026 16:17:17 GMT"},{"Name":"Vary","Value":"Accept-Encoding"}],"EndpointProperties":[{"Name":"fingerprint","Value":"ogvh6ccqcy"},{"Name":"integrity","Value":"sha256-iG+Bynt1jbtR0tAkfNGlsP8YLLh0mnjHs/U7xqvf5EY="},{"Name":"label","Value":"css/rate-exchange.css"}]},{"Route":"css/rate-exchange.ogvh6ccqcy.css.br","AssetFile":"css/rate-exchange.css.br","Selectors":[],"ResponseHeaders":[{"Name":"Cache-Control","Value":"max-age=31536000, immutable"},{"Name":"Content-Encoding","Value":"br"},{"Name":"Content-Length","Value":"900"},{"Name":"Content-Type","Value":"text/css"},{"Name":"ETag","Value":"\"CdhYnY2vMydRfbpvkRkxi0yLXsuLmVMZZ9oo8umy/+s=\""},{"Name":"Last-Modified","Value":"Sun, 18 Jan 2026 16:04:39 GMT"},{"Name":"Vary","Value":"Accept-Encoding"}],"EndpointProperties":[{"Name":"fingerprint","Value":"ogvh6ccqcy"},{"Name":"integrity","Value":"sha256-CdhYnY2vMydRfbpvkRkxi0yLXsuLmVMZZ9oo8umy/+s="},{"Name":"label","Value":"css/rate-exchange.css.br"}]},{"Route":"css/rate-exchange.ogvh6ccqcy.css.gz","AssetFile":"css/rate-exchange.css.gz","Selectors":[],"ResponseHeaders":[{"Name":"Cache-Control","Value":"max-age=31536000, immutable"},{"Name":"Content-Encoding","Value":"gzip"},{"Name":"Content-Length","Value":"1101"},{"Name":"Content-Type","Value":"text/css"},{"Name":"ETag","Value":"\"Gc2J6aVNdIre1vH2FkPbfW05QoYiA4DV4OcNcxRhbg8=\""},{"Name":"Last-Modified","Value":"Sun, 18 Jan 2026 16:04:38 GMT"},{"Name":"Vary","Value":"Accept-Encoding"}],"EndpointProperties":[{"Name":"fingerprint","Value":"ogvh6ccqcy"},{"Name":"integrity","Value":"sha256-Gc2J6aVNdIre1vH2FkPbfW05QoYiA4DV4OcNcxRhbg8="},{"Name":"label","Value":"css/rate-exchange.css.gz"}]},{"Route":"css/style.1obto2w3eq.css","AssetFile":"css/style.css.gz","Selectors":[{"Name":"Content-Encoding","Value":"gzip","Quality":"0.001579778831"}],"ResponseHeaders":[{"Name":"Cache-Control","Value":"max-age=31536000, immutable"},{"Name":"Content-Encoding","Value":"gzip"},{"Name":"Content-Length","Value":"632"},{"Name":"Content-Type","Value":"text/css"},{"Name":"ETag","Value":"\"PKRTnpzf0kuT2qhfI/u4fyX3FcxqgWX/Dgb7EuI0awU=\""},{"Name":"Last-Modified","Value":"Sun, 18 Jan 2026 16:04:38 GMT"},{"Name":"Vary","Value":"Accept-Encoding"}],"EndpointProperties":[{"Name":"fingerprint","Value":"1obto2w3eq"},{"Name":"integrity","Value":"sha256-UQAkejpjtJtfqcZ+IAVMZ8aKzmf/rYOL2AfqkFwhgno="},{"Name":"label","Value":"css/style.css"},{"Name":"original-resource","Value":"\"UQAkejpjtJtfqcZ+IAVMZ8aKzmf/rYOL2AfqkFwhgno=\""}]},{"Route":"css/style.1obto2w3eq.css","AssetFile":"css/style.css.br","Selectors":[{"Name":"Content-Encoding","Value":"br","Quality":"0.002024291498"}],"ResponseHeaders":[{"Name":"Cache-Control","Value":"max-age=31536000, immutable"},{"Name":"Content-Encoding","Value":"br"},{"Name":"Content-Length","Value":"493"},{"Name":"Content-Type","Value":"text/css"},{"Name":"ETag","Value":"\"9mJGXSKPDmUZjnfWFeyH+XvqKShRP/WkaW1wZvoRYuQ=\""},{"Name":"Last-Modified","Value":"Sun, 18 Jan 2026 16:04:39 GMT"},{"Name":"Vary","Value":"Accept-Encoding"}],"EndpointProperties":[{"Name":"fingerprint","Value":"1obto2w3eq"},{"Name":"integrity","Value":"sha256-UQAkejpjtJtfqcZ+IAVMZ8aKzmf/rYOL2AfqkFwhgno="},{"Name":"label","Value":"css/style.css"},{"Name":"original-resource","Value":"\"UQAkejpjtJtfqcZ+IAVMZ8aKzmf/rYOL2AfqkFwhgno=\""}]},{"Route":"css/style.1obto2w3eq.css","AssetFile":"css/style.css","Selectors":[],"ResponseHeaders":[{"Name":"Cache-Control","Value":"max-age=31536000, immutable"},{"Name":"Content-Length","Value":"1556"},{"Name":"Content-Type","Value":"text/css"},{"Name":"ETag","Value":"\"UQAkejpjtJtfqcZ+IAVMZ8aKzmf/rYOL2AfqkFwhgno=\""},{"Name":"Last-Modified","Value":"Sun, 18 Jan 2026 15:34:10 GMT"},{"Name":"Vary","Value":"Accept-Encoding"}],"EndpointProperties":[{"Name":"fingerprint","Value":"1obto2w3eq"},{"Name":"integrity","Value":"sha256-UQAkejpjtJtfqcZ+IAVMZ8aKzmf/rYOL2AfqkFwhgno="},{"Name":"label","Value":"css/style.css"}]},{"Route":"css/style.1obto2w3eq.css.br","AssetFile":"css/style.css.br","Selectors":[],"ResponseHeaders":[{"Name":"Cache-Control","Value":"max-age=31536000, immutable"},{"Name":"Content-Encoding","Value":"br"},{"Name":"Content-Length","Value":"493"},{"Name":"Content-Type","Value":"text/css"},{"Name":"ETag","Value":"\"9mJGXSKPDmUZjnfWFeyH+XvqKShRP/WkaW1wZvoRYuQ=\""},{"Name":"Last-Modified","Value":"Sun, 18 Jan 2026 16:04:39 GMT"},{"Name":"Vary","Value":"Accept-Encoding"}],"EndpointProperties":[{"Name":"fingerprint","Value":"1obto2w3eq"},{"Name":"integrity","Value":"sha256-9mJGXSKPDmUZjnfWFeyH+XvqKShRP/WkaW1wZvoRYuQ="},{"Name":"label","Value":"css/style.css.br"}]},{"Route":"css/style.1obto2w3eq.css.gz","AssetFile":"css/style.css.gz","Selectors":[],"ResponseHeaders":[{"Name":"Cache-Control","Value":"max-age=31536000, immutable"},{"Name":"Content-Encoding","Value":"gzip"},{"Name":"Content-Length","Value":"632"},{"Name":"Content-Type","Value":"text/css"},{"Name":"ETag","Value":"\"PKRTnpzf0kuT2qhfI/u4fyX3FcxqgWX/Dgb7EuI0awU=\""},{"Name":"Last-Modified","Value":"Sun, 18 Jan 2026 16:04:38 GMT"},{"Name":"Vary","Value":"Accept-Encoding"}],"EndpointProperties":[{"Name":"fingerprint","Value":"1obto2w3eq"},{"Name":"integrity","Value":"sha256-PKRTnpzf0kuT2qhfI/u4fyX3FcxqgWX/Dgb7EuI0awU="},{"Name":"label","Value":"css/style.css.gz"}]},{"Route":"css/style.css","AssetFile":"css/style.css.gz","Selectors":[{"Name":"Content-Encoding","Value":"gzip","Quality":"0.001579778831"}],"ResponseHeaders":[{"Name":"Cache-Control","Value":"no-cache"},{"Name":"Content-Encoding","Value":"gzip"},{"Name":"Content-Length","Value":"632"},{"Name":"Content-Type","Value":"text/css"},{"Name":"ETag","Value":"\"PKRTnpzf0kuT2qhfI/u4fyX3FcxqgWX/Dgb7EuI0awU=\""},{"Name":"Last-Modified","Value":"Sun, 18 Jan 2026 16:04:38 GMT"},{"Name":"Vary","Value":"Accept-Encoding"}],"EndpointProperties":[{"Name":"integrity","Value":"sha256-UQAkejpjtJtfqcZ+IAVMZ8aKzmf/rYOL2AfqkFwhgno="},{"Name":"original-resource","Value":"\"UQAkejpjtJtfqcZ+IAVMZ8aKzmf/rYOL2AfqkFwhgno=\""}]},{"Route":"css/style.css","AssetFile":"css/style.css.br","Selectors":[{"Name":"Content-Encoding","Value":"br","Quality":"0.002024291498"}],"ResponseHeaders":[{"Name":"Cache-Control","Value":"no-cache"},{"Name":"Content-Encoding","Value":"br"},{"Name":"Content-Length","Value":"493"},{"Name":"Content-Type","Value":"text/css"},{"Name":"ETag","Value":"\"9mJGXSKPDmUZjnfWFeyH+XvqKShRP/WkaW1wZvoRYuQ=\""},{"Name":"Last-Modified","Value":"Sun, 18 Jan 2026 16:04:39 GMT"},{"Name":"Vary","Value":"Accept-Encoding"}],"EndpointProperties":[{"Name":"integrity","Value":"sha256-UQAkejpjtJtfqcZ+IAVMZ8aKzmf/rYOL2AfqkFwhgno="},{"Name":"original-resource","Value":"\"UQAkejpjtJtfqcZ+IAVMZ8aKzmf/rYOL2AfqkFwhgno=\""}]},{"Route":"css/style.css","AssetFile":"css/style.css","Selectors":[],"ResponseHeaders":[{"Name":"Cache-Control","Value":"no-cache"},{"Name":"Content-Length","Value":"1556"},{"Name":"Content-Type","Value":"text/css"},{"Name":"ETag","Value":"\"UQAkejpjtJtfqcZ+IAVMZ8aKzmf/rYOL2AfqkFwhgno=\""},{"Name":"Last-Modified","Value":"Sun, 18 Jan 2026 15:34:10 GMT"},{"Name":"Vary","Value":"Accept-Encoding"}],"EndpointProperties":[{"Name":"integrity","Value":"sha256-UQAkejpjtJtfqcZ+IAVMZ8aKzmf/rYOL2AfqkFwhgno="}]},{"Route":"css/style.css.br","AssetFile":"css/style.css.br","Selectors":[],"ResponseHeaders":[{"Name":"Cache-Control","Value":"no-cache"},{"Name":"Content-Encoding","Value":"br"},{"Name":"Content-Length","Value":"493"},{"Name":"Content-Type","Value":"text/css"},{"Name":"ETag","Value":"\"9mJGXSKPDmUZjnfWFeyH+XvqKShRP/WkaW1wZvoRYuQ=\""},{"Name":"Last-Modified","Value":"Sun, 18 Jan 2026 16:04:39 GMT"},{"Name":"Vary","Value":"Accept-Encoding"}],"EndpointProperties":[{"Name":"integrity","Value":"sha256-9mJGXSKPDmUZjnfWFeyH+XvqKShRP/WkaW1wZvoRYuQ="}]},{"Route":"css/style.css.gz","AssetFile":"css/style.css.gz","Selectors":[],"ResponseHeaders":[{"Name":"Cache-Control","Value":"no-cache"},{"Name":"Content-Encoding","Value":"gzip"},{"Name":"Content-Length","Value":"632"},{"Name":"Content-Type","Value":"text/css"},{"Name":"ETag","Value":"\"PKRTnpzf0kuT2qhfI/u4fyX3FcxqgWX/Dgb7EuI0awU=\""},{"Name":"Last-Modified","Value":"Sun, 18 Jan 2026 16:04:38 GMT"},{"Name":"Vary","Value":"Accept-Encoding"}],"EndpointProperties":[{"Name":"integrity","Value":"sha256-PKRTnpzf0kuT2qhfI/u4fyX3FcxqgWX/Dgb7EuI0awU="}]},{"Route":"index.html","AssetFile":"index.html.br","Selectors":[{"Name":"Content-Encoding","Value":"br","Quality":"0.016129032258"}],"ResponseHeaders":[{"Name":"Cache-Control","Value":"no-cache"},{"Name":"Content-Encoding","Value":"br"},{"Name":"Content-Length","Value":"61"},{"Name":"Content-Type","Value":"text/html"},{"Name":"ETag","Value":"\"0lXNExF704Cxqbb/grYkhEdeeLsYZ3NWu6LX3s4pRuQ=\""},{"Name":"Last-Modified","Value":"Sun, 18 Jan 2026 16:04:39 GMT"},{"Name":"Vary","Value":"Accept-Encoding"}],"EndpointProperties":[{"Name":"integrity","Value":"sha256-KelEqkwQi16zQLyG7J5gPR2vGITwhOMLNo/bqFUBYo0="},{"Name":"original-resource","Value":"\"KelEqkwQi16zQLyG7J5gPR2vGITwhOMLNo/bqFUBYo0=\""}]},{"Route":"index.html","AssetFile":"index.html.gz","Selectors":[{"Name":"Content-Encoding","Value":"gzip","Quality":"0.008928571429"}],"ResponseHeaders":[{"Name":"Cache-Control","Value":"no-cache"},{"Name":"Content-Encoding","Value":"gzip"},{"Name":"Content-Length","Value":"111"},{"Name":"Content-Type","Value":"text/html"},{"Name":"ETag","Value":"\"hWZ5By6LsOhQ688Wxl+qi0h6wOM3ivK2CMLMxOgO+XY=\""},{"Name":"Last-Modified","Value":"Sun, 18 Jan 2026 16:04:38 GMT"},{"Name":"Vary","Value":"Accept-Encoding"}],"EndpointProperties":[{"Name":"integrity","Value":"sha256-KelEqkwQi16zQLyG7J5gPR2vGITwhOMLNo/bqFUBYo0="},{"Name":"original-resource","Value":"\"KelEqkwQi16zQLyG7J5gPR2vGITwhOMLNo/bqFUBYo0=\""}]},{"Route":"index.html","AssetFile":"index.html","Selectors":[],"ResponseHeaders":[{"Name":"Cache-Control","Value":"no-cache"},{"Name":"Content-Length","Value":"111"},{"Name":"Content-Type","Value":"text/html"},{"Name":"ETag","Value":"\"KelEqkwQi16zQLyG7J5gPR2vGITwhOMLNo/bqFUBYo0=\""},{"Name":"Last-Modified","Value":"Thu, 08 Jan 2026 16:12:15 GMT"},{"Name":"Vary","Value":"Accept-Encoding"}],"EndpointProperties":[{"Name":"integrity","Value":"sha256-KelEqkwQi16zQLyG7J5gPR2vGITwhOMLNo/bqFUBYo0="}]},{"Route":"index.html.br","AssetFile":"index.html.br","Selectors":[],"ResponseHeaders":[{"Name":"Cache-Control","Value":"no-cache"},{"Name":"Content-Encoding","Value":"br"},{"Name":"Content-Length","Value":"61"},{"Name":"Content-Type","Value":"text/html"},{"Name":"ETag","Value":"\"0lXNExF704Cxqbb/grYkhEdeeLsYZ3NWu6LX3s4pRuQ=\""},{"Name":"Last-Modified","Value":"Sun, 18 Jan 2026 16:04:39 GMT"},{"Name":"Vary","Value":"Accept-Encoding"}],"EndpointProperties":[{"Name":"integrity","Value":"sha256-0lXNExF704Cxqbb/grYkhEdeeLsYZ3NWu6LX3s4pRuQ="}]},{"Route":"index.html.gz","AssetFile":"index.html.gz","Selectors":[],"ResponseHeaders":[{"Name":"Cache-Control","Value":"no-cache"},{"Name":"Content-Encoding","Value":"gzip"},{"Name":"Content-Length","Value":"111"},{"Name":"Content-Type","Value":"text/html"},{"Name":"ETag","Value":"\"hWZ5By6LsOhQ688Wxl+qi0h6wOM3ivK2CMLMxOgO+XY=\""},{"Name":"Last-Modified","Value":"Sun, 18 Jan 2026 16:04:38 GMT"},{"Name":"Vary","Value":"Accept-Encoding"}],"EndpointProperties":[{"Name":"integrity","Value":"sha256-hWZ5By6LsOhQ688Wxl+qi0h6wOM3ivK2CMLMxOgO+XY="}]},{"Route":"index.nc1gscqf1p.html","AssetFile":"index.html.br","Selectors":[{"Name":"Content-Encoding","Value":"br","Quality":"0.016129032258"}],"ResponseHeaders":[{"Name":"Cache-Control","Value":"max-age=31536000, immutable"},{"Name":"Content-Encoding","Value":"br"},{"Name":"Content-Length","Value":"61"},{"Name":"Content-Type","Value":"text/html"},{"Name":"ETag","Value":"\"0lXNExF704Cxqbb/grYkhEdeeLsYZ3NWu6LX3s4pRuQ=\""},{"Name":"Last-Modified","Value":"Sun, 18 Jan 2026 16:04:39 GMT"},{"Name":"Vary","Value":"Accept-Encoding"}],"EndpointProperties":[{"Name":"fingerprint","Value":"nc1gscqf1p"},{"Name":"integrity","Value":"sha256-KelEqkwQi16zQLyG7J5gPR2vGITwhOMLNo/bqFUBYo0="},{"Name":"label","Value":"index.html"},{"Name":"original-resource","Value":"\"KelEqkwQi16zQLyG7J5gPR2vGITwhOMLNo/bqFUBYo0=\""}]},{"Route":"index.nc1gscqf1p.html","AssetFile":"index.html.gz","Selectors":[{"Name":"Content-Encoding","Value":"gzip","Quality":"0.008928571429"}],"ResponseHeaders":[{"Name":"Cache-Control","Value":"max-age=31536000, immutable"},{"Name":"Content-Encoding","Value":"gzip"},{"Name":"Content-Length","Value":"111"},{"Name":"Content-Type","Value":"text/html"},{"Name":"ETag","Value":"\"hWZ5By6LsOhQ688Wxl+qi0h6wOM3ivK2CMLMxOgO+XY=\""},{"Name":"Last-Modified","Value":"Sun, 18 Jan 2026 16:04:38 GMT"},{"Name":"Vary","Value":"Accept-Encoding"}],"EndpointProperties":[{"Name":"fingerprint","Value":"nc1gscqf1p"},{"Name":"integrity","Value":"sha256-KelEqkwQi16zQLyG7J5gPR2vGITwhOMLNo/bqFUBYo0="},{"Name":"label","Value":"index.html"},{"Name":"original-resource","Value":"\"KelEqkwQi16zQLyG7J5gPR2vGITwhOMLNo/bqFUBYo0=\""}]},{"Route":"index.nc1gscqf1p.html","AssetFile":"index.html","Selectors":[],"ResponseHeaders":[{"Name":"Cache-Control","Value":"max-age=31536000, immutable"},{"Name":"Content-Length","Value":"111"},{"Name":"Content-Type","Value":"text/html"},{"Name":"ETag","Value":"\"KelEqkwQi16zQLyG7J5gPR2vGITwhOMLNo/bqFUBYo0=\""},{"Name":"Last-Modified","Value":"Thu, 08 Jan 2026 16:12:15 GMT"},{"Name":"Vary","Value":"Accept-Encoding"}],"EndpointProperties":[{"Name":"fingerprint","Value":"nc1gscqf1p"},{"Name":"integrity","Value":"sha256-KelEqkwQi16zQLyG7J5gPR2vGITwhOMLNo/bqFUBYo0="},{"Name":"label","Value":"index.html"}]},{"Route":"index.nc1gscqf1p.html.br","AssetFile":"index.html.br","Selectors":[],"ResponseHeaders":[{"Name":"Cache-Control","Value":"max-age=31536000, immutable"},{"Name":"Content-Encoding","Value":"br"},{"Name":"Content-Length","Value":"61"},{"Name":"Content-Type","Value":"text/html"},{"Name":"ETag","Value":"\"0lXNExF704Cxqbb/grYkhEdeeLsYZ3NWu6LX3s4pRuQ=\""},{"Name":"Last-Modified","Value":"Sun, 18 Jan 2026 16:04:39 GMT"},{"Name":"Vary","Value":"Accept-Encoding"}],"EndpointProperties":[{"Name":"fingerprint","Value":"nc1gscqf1p"},{"Name":"integrity","Value":"sha256-0lXNExF704Cxqbb/grYkhEdeeLsYZ3NWu6LX3s4pRuQ="},{"Name":"label","Value":"index.html.br"}]},{"Route":"index.nc1gscqf1p.html.gz","AssetFile":"index.html.gz","Selectors":[],"ResponseHeaders":[{"Name":"Cache-Control","Value":"max-age=31536000, immutable"},{"Name":"Content-Encoding","Value":"gzip"},{"Name":"Content-Length","Value":"111"},{"Name":"Content-Type","Value":"text/html"},{"Name":"ETag","Value":"\"hWZ5By6LsOhQ688Wxl+qi0h6wOM3ivK2CMLMxOgO+XY=\""},{"Name":"Last-Modified","Value":"Sun, 18 Jan 2026 16:04:38 GMT"},{"Name":"Vary","Value":"Accept-Encoding"}],"EndpointProperties":[{"Name":"fingerprint","Value":"nc1gscqf1p"},{"Name":"integrity","Value":"sha256-hWZ5By6LsOhQ688Wxl+qi0h6wOM3ivK2CMLMxOgO+XY="},{"Name":"label","Value":"index.html.gz"}]},{"Route":"js/app.js","AssetFile":"js/app.js.gz","Selectors":[{"Name":"Content-Encoding","Value":"gzip","Quality":"0.001331557923"}],"ResponseHeaders":[{"Name":"Cache-Control","Value":"no-cache"},{"Name":"Content-Encoding","Value":"gzip"},{"Name":"Content-Length","Value":"750"},{"Name":"Content-Type","Value":"text/javascript"},{"Name":"ETag","Value":"\"fEekm4B/oiJGQOaah+mRNg7fZyGT+dAt0jtFi4hpJ2M=\""},{"Name":"Last-Modified","Value":"Sun, 18 Jan 2026 16:04:38 GMT"},{"Name":"Vary","Value":"Accept-Encoding"}],"EndpointProperties":[{"Name":"integrity","Value":"sha256-QWK6YHwqPtfbWYHJ5lbZvAT4n1JDaya6/D5NC4oZQ7g="},{"Name":"original-resource","Value":"\"QWK6YHwqPtfbWYHJ5lbZvAT4n1JDaya6/D5NC4oZQ7g=\""}]},{"Route":"js/app.js","AssetFile":"js/app.js.br","Selectors":[{"Name":"Content-Encoding","Value":"br","Quality":"0.001650165017"}],"ResponseHeaders":[{"Name":"Cache-Control","Value":"no-cache"},{"Name":"Content-Encoding","Value":"br"},{"Name":"Content-Length","Value":"605"},{"Name":"Content-Type","Value":"text/javascript"},{"Name":"ETag","Value":"\"WQbS30wrSjeiEH4MNJiQeViN/E4u7uysElGH7EjMiDI=\""},{"Name":"Last-Modified","Value":"Sun, 18 Jan 2026 16:04:39 GMT"},{"Name":"Vary","Value":"Accept-Encoding"}],"EndpointProperties":[{"Name":"integrity","Value":"sha256-QWK6YHwqPtfbWYHJ5lbZvAT4n1JDaya6/D5NC4oZQ7g="},{"Name":"original-resource","Value":"\"QWK6YHwqPtfbWYHJ5lbZvAT4n1JDaya6/D5NC4oZQ7g=\""}]},{"Route":"js/app.js","AssetFile":"js/app.js","Selectors":[],"ResponseHeaders":[{"Name":"Cache-Control","Value":"no-cache"},{"Name":"Content-Length","Value":"2211"},{"Name":"Content-Type","Value":"text/javascript"},{"Name":"ETag","Value":"\"QWK6YHwqPtfbWYHJ5lbZvAT4n1JDaya6/D5NC4oZQ7g=\""},{"Name":"Last-Modified","Value":"Sun, 18 Jan 2026 15:34:43 GMT"},{"Name":"Vary","Value":"Accept-Encoding"}],"EndpointProperties":[{"Name":"integrity","Value":"sha256-QWK6YHwqPtfbWYHJ5lbZvAT4n1JDaya6/D5NC4oZQ7g="}]},{"Route":"js/app.js.br","AssetFile":"js/app.js.br","Selectors":[],"ResponseHeaders":[{"Name":"Cache-Control","Value":"no-cache"},{"Name":"Content-Encoding","Value":"br"},{"Name":"Content-Length","Value":"605"},{"Name":"Content-Type","Value":"text/javascript"},{"Name":"ETag","Value":"\"WQbS30wrSjeiEH4MNJiQeViN/E4u7uysElGH7EjMiDI=\""},{"Name":"Last-Modified","Value":"Sun, 18 Jan 2026 16:04:39 GMT"},{"Name":"Vary","Value":"Accept-Encoding"}],"EndpointProperties":[{"Name":"integrity","Value":"sha256-WQbS30wrSjeiEH4MNJiQeViN/E4u7uysElGH7EjMiDI="}]},{"Route":"js/app.js.gz","AssetFile":"js/app.js.gz","Selectors":[],"ResponseHeaders":[{"Name":"Cache-Control","Value":"no-cache"},{"Name":"Content-Encoding","Value":"gzip"},{"Name":"Content-Length","Value":"750"},{"Name":"Content-Type","Value":"text/javascript"},{"Name":"ETag","Value":"\"fEekm4B/oiJGQOaah+mRNg7fZyGT+dAt0jtFi4hpJ2M=\""},{"Name":"Last-Modified","Value":"Sun, 18 Jan 2026 16:04:38 GMT"},{"Name":"Vary","Value":"Accept-Encoding"}],"EndpointProperties":[{"Name":"integrity","Value":"sha256-fEekm4B/oiJGQOaah+mRNg7fZyGT+dAt0jtFi4hpJ2M="}]},{"Route":"js/app.vsfrpjb6ka.js","AssetFile":"js/app.js.gz","Selectors":[{"Name":"Content-Encoding","Value":"gzip","Quality":"0.001331557923"}],"ResponseHeaders":[{"Name":"Cache-Control","Value":"max-age=31536000, immutable"},{"Name":"Content-Encoding","Value":"gzip"},{"Name":"Content-Length","Value":"750"},{"Name":"Content-Type","Value":"text/javascript"},{"Name":"ETag","Value":"\"fEekm4B/oiJGQOaah+mRNg7fZyGT+dAt0jtFi4hpJ2M=\""},{"Name":"Last-Modified","Value":"Sun, 18 Jan 2026 16:04:38 GMT"},{"Name":"Vary","Value":"Accept-Encoding"}],"EndpointProperties":[{"Name":"fingerprint","Value":"vsfrpjb6ka"},{"Name":"integrity","Value":"sha256-QWK6YHwqPtfbWYHJ5lbZvAT4n1JDaya6/D5NC4oZQ7g="},{"Name":"label","Value":"js/app.js"},{"Name":"original-resource","Value":"\"QWK6YHwqPtfbWYHJ5lbZvAT4n1JDaya6/D5NC4oZQ7g=\""}]},{"Route":"js/app.vsfrpjb6ka.js","AssetFile":"js/app.js.br","Selectors":[{"Name":"Content-Encoding","Value":"br","Quality":"0.001650165017"}],"ResponseHeaders":[{"Name":"Cache-Control","Value":"max-age=31536000, immutable"},{"Name":"Content-Encoding","Value":"br"},{"Name":"Content-Length","Value":"605"},{"Name":"Content-Type","Value":"text/javascript"},{"Name":"ETag","Value":"\"WQbS30wrSjeiEH4MNJiQeViN/E4u7uysElGH7EjMiDI=\""},{"Name":"Last-Modified","Value":"Sun, 18 Jan 2026 16:04:39 GMT"},{"Name":"Vary","Value":"Accept-Encoding"}],"EndpointProperties":[{"Name":"fingerprint","Value":"vsfrpjb6ka"},{"Name":"integrity","Value":"sha256-QWK6YHwqPtfbWYHJ5lbZvAT4n1JDaya6/D5NC4oZQ7g="},{"Name":"label","Value":"js/app.js"},{"Name":"original-resource","Value":"\"QWK6YHwqPtfbWYHJ5lbZvAT4n1JDaya6/D5NC4oZQ7g=\""}]},{"Route":"js/app.vsfrpjb6ka.js","AssetFile":"js/app.js","Selectors":[],"ResponseHeaders":[{"Name":"Cache-Control","Value":"max-age=31536000, immutable"},{"Name":"Content-Length","Value":"2211"},{"Name":"Content-Type","Value":"text/javascript"},{"Name":"ETag","Value":"\"QWK6YHwqPtfbWYHJ5lbZvAT4n1JDaya6/D5NC4oZQ7g=\""},{"Name":"Last-Modified","Value":"Sun, 18 Jan 2026 15:34:43 GMT"},{"Name":"Vary","Value":"Accept-Encoding"}],"EndpointProperties":[{"Name":"fingerprint","Value":"vsfrpjb6ka"},{"Name":"integrity","Value":"sha256-QWK6YHwqPtfbWYHJ5lbZvAT4n1JDaya6/D5NC4oZQ7g="},{"Name":"label","Value":"js/app.js"}]},{"Route":"js/app.vsfrpjb6ka.js.br","AssetFile":"js/app.js.br","Selectors":[],"ResponseHeaders":[{"Name":"Cache-Control","Value":"max-age=31536000, immutable"},{"Name":"Content-Encoding","Value":"br"},{"Name":"Content-Length","Value":"605"},{"Name":"Content-Type","Value":"text/javascript"},{"Name":"ETag","Value":"\"WQbS30wrSjeiEH4MNJiQeViN/E4u7uysElGH7EjMiDI=\""},{"Name":"Last-Modified","Value":"Sun, 18 Jan 2026 16:04:39 GMT"},{"Name":"Vary","Value":"Accept-Encoding"}],"EndpointProperties":[{"Name":"fingerprint","Value":"vsfrpjb6ka"},{"Name":"integrity","Value":"sha256-WQbS30wrSjeiEH4MNJiQeViN/E4u7uysElGH7EjMiDI="},{"Name":"label","Value":"js/app.js.br"}]},{"Route":"js/app.vsfrpjb6ka.js.gz","AssetFile":"js/app.js.gz","Selectors":[],"ResponseHeaders":[{"Name":"Cache-Control","Value":"max-age=31536000, immutable"},{"Name":"Content-Encoding","Value":"gzip"},{"Name":"Content-Length","Value":"750"},{"Name":"Content-Type","Value":"text/javascript"},{"Name":"ETag","Value":"\"fEekm4B/oiJGQOaah+mRNg7fZyGT+dAt0jtFi4hpJ2M=\""},{"Name":"Last-Modified","Value":"Sun, 18 Jan 2026 16:04:38 GMT"},{"Name":"Vary","Value":"Accept-Encoding"}],"EndpointProperties":[{"Name":"fingerprint","Value":"vsfrpjb6ka"},{"Name":"integrity","Value":"sha256-fEekm4B/oiJGQOaah+mRNg7fZyGT+dAt0jtFi4hpJ2M="},{"Name":"label","Value":"js/app.js.gz"}]},{"Route":"js/login.js","AssetFile":"js/login.js.br","Selectors":[{"Name":"Content-Encoding","Value":"br","Quality":"0.012500000000"}],"ResponseHeaders":[{"Name":"Cache-Control","Value":"no-cache"},{"Name":"Content-Encoding","Value":"br"},{"Name":"Content-Length","Value":"79"},{"Name":"Content-Type","Value":"text/javascript"},{"Name":"ETag","Value":"\"BPZoANWT5CjwVUeFRNa+BuryfoEw9rnFO+rqzm8Yrr0=\""},{"Name":"Last-Modified","Value":"Sun, 18 Jan 2026 16:04:39 GMT"},{"Name":"Vary","Value":"Accept-Encoding"}],"EndpointProperties":[{"Name":"integrity","Value":"sha256-fxRtJgXhg/YnCNgh09F1yiWkUwbFlSTgGPHdtVRd2go="},{"Name":"original-resource","Value":"\"fxRtJgXhg/YnCNgh09F1yiWkUwbFlSTgGPHdtVRd2go=\""}]},{"Route":"js/login.js","AssetFile":"js/login.js.gz","Selectors":[{"Name":"Content-Encoding","Value":"gzip","Quality":"0.007299270073"}],"ResponseHeaders":[{"Name":"Cache-Control","Value":"no-cache"},{"Name":"Content-Encoding","Value":"gzip"},{"Name":"Content-Length","Value":"136"},{"Name":"Content-Type","Value":"text/javascript"},{"Name":"ETag","Value":"\"5dj3v7vyB6ePxggStcUu0WwdAcEuYCs/uM3Bst99Kg8=\""},{"Name":"Last-Modified","Value":"Sun, 18 Jan 2026 16:04:38 GMT"},{"Name":"Vary","Value":"Accept-Encoding"}],"EndpointProperties":[{"Name":"integrity","Value":"sha256-fxRtJgXhg/YnCNgh09F1yiWkUwbFlSTgGPHdtVRd2go="},{"Name":"original-resource","Value":"\"fxRtJgXhg/YnCNgh09F1yiWkUwbFlSTgGPHdtVRd2go=\""}]},{"Route":"js/login.js","AssetFile":"js/login.js","Selectors":[],"ResponseHeaders":[{"Name":"Cache-Control","Value":"no-cache"},{"Name":"Content-Length","Value":"129"},{"Name":"Content-Type","Value":"text/javascript"},{"Name":"ETag","Value":"\"fxRtJgXhg/YnCNgh09F1yiWkUwbFlSTgGPHdtVRd2go=\""},{"Name":"Last-Modified","Value":"Sun, 18 Jan 2026 15:33:54 GMT"},{"Name":"Vary","Value":"Accept-Encoding"}],"EndpointProperties":[{"Name":"integrity","Value":"sha256-fxRtJgXhg/YnCNgh09F1yiWkUwbFlSTgGPHdtVRd2go="}]},{"Route":"js/login.js.br","AssetFile":"js/login.js.br","Selectors":[],"ResponseHeaders":[{"Name":"Cache-Control","Value":"no-cache"},{"Name":"Content-Encoding","Value":"br"},{"Name":"Content-Length","Value":"79"},{"Name":"Content-Type","Value":"text/javascript"},{"Name":"ETag","Value":"\"BPZoANWT5CjwVUeFRNa+BuryfoEw9rnFO+rqzm8Yrr0=\""},{"Name":"Last-Modified","Value":"Sun, 18 Jan 2026 16:04:39 GMT"},{"Name":"Vary","Value":"Accept-Encoding"}],"EndpointProperties":[{"Name":"integrity","Value":"sha256-BPZoANWT5CjwVUeFRNa+BuryfoEw9rnFO+rqzm8Yrr0="}]},{"Route":"js/login.js.gz","AssetFile":"js/login.js.gz","Selectors":[],"ResponseHeaders":[{"Name":"Cache-Control","Value":"no-cache"},{"Name":"Content-Encoding","Value":"gzip"},{"Name":"Content-Length","Value":"136"},{"Name":"Content-Type","Value":"text/javascript"},{"Name":"ETag","Value":"\"5dj3v7vyB6ePxggStcUu0WwdAcEuYCs/uM3Bst99Kg8=\""},{"Name":"Last-Modified","Value":"Sun, 18 Jan 2026 16:04:38 GMT"},{"Name":"Vary","Value":"Accept-Encoding"}],"EndpointProperties":[{"Name":"integrity","Value":"sha256-5dj3v7vyB6ePxggStcUu0WwdAcEuYCs/uM3Bst99Kg8="}]},{"Route":"js/login.vktjgmphkn.js","AssetFile":"js/login.js.br","Selectors":[{"Name":"Content-Encoding","Value":"br","Quality":"0.012500000000"}],"ResponseHeaders":[{"Name":"Cache-Control","Value":"max-age=31536000, immutable"},{"Name":"Content-Encoding","Value":"br"},{"Name":"Content-Length","Value":"79"},{"Name":"Content-Type","Value":"text/javascript"},{"Name":"ETag","Value":"\"BPZoANWT5CjwVUeFRNa+BuryfoEw9rnFO+rqzm8Yrr0=\""},{"Name":"Last-Modified","Value":"Sun, 18 Jan 2026 16:04:39 GMT"},{"Name":"Vary","Value":"Accept-Encoding"}],"EndpointProperties":[{"Name":"fingerprint","Value":"vktjgmphkn"},{"Name":"integrity","Value":"sha256-fxRtJgXhg/YnCNgh09F1yiWkUwbFlSTgGPHdtVRd2go="},{"Name":"label","Value":"js/login.js"},{"Name":"original-resource","Value":"\"fxRtJgXhg/YnCNgh09F1yiWkUwbFlSTgGPHdtVRd2go=\""}]},{"Route":"js/login.vktjgmphkn.js","AssetFile":"js/login.js.gz","Selectors":[{"Name":"Content-Encoding","Value":"gzip","Quality":"0.007299270073"}],"ResponseHeaders":[{"Name":"Cache-Control","Value":"max-age=31536000, immutable"},{"Name":"Content-Encoding","Value":"gzip"},{"Name":"Content-Length","Value":"136"},{"Name":"Content-Type","Value":"text/javascript"},{"Name":"ETag","Value":"\"5dj3v7vyB6ePxggStcUu0WwdAcEuYCs/uM3Bst99Kg8=\""},{"Name":"Last-Modified","Value":"Sun, 18 Jan 2026 16:04:38 GMT"},{"Name":"Vary","Value":"Accept-Encoding"}],"EndpointProperties":[{"Name":"fingerprint","Value":"vktjgmphkn"},{"Name":"integrity","Value":"sha256-fxRtJgXhg/YnCNgh09F1yiWkUwbFlSTgGPHdtVRd2go="},{"Name":"label","Value":"js/login.js"},{"Name":"original-resource","Value":"\"fxRtJgXhg/YnCNgh09F1yiWkUwbFlSTgGPHdtVRd2go=\""}]},{"Route":"js/login.vktjgmphkn.js","AssetFile":"js/login.js","Selectors":[],"ResponseHeaders":[{"Name":"Cache-Control","Value":"max-age=31536000, immutable"},{"Name":"Content-Length","Value":"129"},{"Name":"Content-Type","Value":"text/javascript"},{"Name":"ETag","Value":"\"fxRtJgXhg/YnCNgh09F1yiWkUwbFlSTgGPHdtVRd2go=\""},{"Name":"Last-Modified","Value":"Sun, 18 Jan 2026 15:33:54 GMT"},{"Name":"Vary","Value":"Accept-Encoding"}],"EndpointProperties":[{"Name":"fingerprint","Value":"vktjgmphkn"},{"Name":"integrity","Value":"sha256-fxRtJgXhg/YnCNgh09F1yiWkUwbFlSTgGPHdtVRd2go="},{"Name":"label","Value":"js/login.js"}]},{"Route":"js/login.vktjgmphkn.js.br","AssetFile":"js/login.js.br","Selectors":[],"ResponseHeaders":[{"Name":"Cache-Control","Value":"max-age=31536000, immutable"},{"Name":"Content-Encoding","Value":"br"},{"Name":"Content-Length","Value":"79"},{"Name":"Content-Type","Value":"text/javascript"},{"Name":"ETag","Value":"\"BPZoANWT5CjwVUeFRNa+BuryfoEw9rnFO+rqzm8Yrr0=\""},{"Name":"Last-Modified","Value":"Sun, 18 Jan 2026 16:04:39 GMT"},{"Name":"Vary","Value":"Accept-Encoding"}],"EndpointProperties":[{"Name":"fingerprint","Value":"vktjgmphkn"},{"Name":"integrity","Value":"sha256-BPZoANWT5CjwVUeFRNa+BuryfoEw9rnFO+rqzm8Yrr0="},{"Name":"label","Value":"js/login.js.br"}]},{"Route":"js/login.vktjgmphkn.js.gz","AssetFile":"js/login.js.gz","Selectors":[],"ResponseHeaders":[{"Name":"Cache-Control","Value":"max-age=31536000, immutable"},{"Name":"Content-Encoding","Value":"gzip"},{"Name":"Content-Length","Value":"136"},{"Name":"Content-Type","Value":"text/javascript"},{"Name":"ETag","Value":"\"5dj3v7vyB6ePxggStcUu0WwdAcEuYCs/uM3Bst99Kg8=\""},{"Name":"Last-Modified","Value":"Sun, 18 Jan 2026 16:04:38 GMT"},{"Name":"Vary","Value":"Accept-Encoding"}],"EndpointProperties":[{"Name":"fingerprint","Value":"vktjgmphkn"},{"Name":"integrity","Value":"sha256-5dj3v7vyB6ePxggStcUu0WwdAcEuYCs/uM3Bst99Kg8="},{"Name":"label","Value":"js/login.js.gz"}]},{"Route":"js/rate-exchange.5ofh3p24yr.js","AssetFile":"js/rate-exchange.js.gz","Selectors":[{"Name":"Content-Encoding","Value":"gzip","Quality":"0.000619962802"}],"ResponseHeaders":[{"Name":"Cache-Control","Value":"max-age=31536000, immutable"},{"Name":"Content-Encoding","Value":"gzip"},{"Name":"Content-Length","Value":"1612"},{"Name":"Content-Type","Value":"text/javascript"},{"Name":"ETag","Value":"\"k9esZqtuMWIZTHdj/dXPfRuIwJhaOPi4om6VPBMrBuQ=\""},{"Name":"Last-Modified","Value":"Sun, 18 Jan 2026 16:04:38 GMT"},{"Name":"Vary","Value":"Accept-Encoding"}],"EndpointProperties":[{"Name":"fingerprint","Value":"5ofh3p24yr"},{"Name":"integrity","Value":"sha256-a4+HwNijeGHsRBGjOxKq7pC/kTmfLrvAARD8/y92gqg="},{"Name":"label","Value":"js/rate-exchange.js"},{"Name":"original-resource","Value":"\"a4+HwNijeGHsRBGjOxKq7pC/kTmfLrvAARD8/y92gqg=\""}]},{"Route":"js/rate-exchange.5ofh3p24yr.js","AssetFile":"js/rate-exchange.js.br","Selectors":[{"Name":"Content-Encoding","Value":"br","Quality":"0.000759301443"}],"ResponseHeaders":[{"Name":"Cache-Control","Value":"max-age=31536000, immutable"},{"Name":"Content-Encoding","Value":"br"},{"Name":"Content-Length","Value":"1316"},{"Name":"Content-Type","Value":"text/javascript"},{"Name":"ETag","Value":"\"upkFcoAXNeGCGxwDNLl+ZHcQv0/Dr3qM/Z1SOyniFio=\""},{"Name":"Last-Modified","Value":"Sun, 18 Jan 2026 16:04:39 GMT"},{"Name":"Vary","Value":"Accept-Encoding"}],"EndpointProperties":[{"Name":"fingerprint","Value":"5ofh3p24yr"},{"Name":"integrity","Value":"sha256-a4+HwNijeGHsRBGjOxKq7pC/kTmfLrvAARD8/y92gqg="},{"Name":"label","Value":"js/rate-exchange.js"},{"Name":"original-resource","Value":"\"a4+HwNijeGHsRBGjOxKq7pC/kTmfLrvAARD8/y92gqg=\""}]},{"Route":"js/rate-exchange.5ofh3p24yr.js","AssetFile":"js/rate-exchange.js","Selectors":[],"ResponseHeaders":[{"Name":"Cache-Control","Value":"max-age=31536000, immutable"},{"Name":"Content-Length","Value":"5052"},{"Name":"Content-Type","Value":"text/javascript"},{"Name":"ETag","Value":"\"a4+HwNijeGHsRBGjOxKq7pC/kTmfLrvAARD8/y92gqg=\""},{"Name":"Last-Modified","Value":"Sun, 18 Jan 2026 15:34:56 GMT"},{"Name":"Vary","Value":"Accept-Encoding"}],"EndpointProperties":[{"Name":"fingerprint","Value":"5ofh3p24yr"},{"Name":"integrity","Value":"sha256-a4+HwNijeGHsRBGjOxKq7pC/kTmfLrvAARD8/y92gqg="},{"Name":"label","Value":"js/rate-exchange.js"}]},{"Route":"js/rate-exchange.5ofh3p24yr.js.br","AssetFile":"js/rate-exchange.js.br","Selectors":[],"ResponseHeaders":[{"Name":"Cache-Control","Value":"max-age=31536000, immutable"},{"Name":"Content-Encoding","Value":"br"},{"Name":"Content-Length","Value":"1316"},{"Name":"Content-Type","Value":"text/javascript"},{"Name":"ETag","Value":"\"upkFcoAXNeGCGxwDNLl+ZHcQv0/Dr3qM/Z1SOyniFio=\""},{"Name":"Last-Modified","Value":"Sun, 18 Jan 2026 16:04:39 GMT"},{"Name":"Vary","Value":"Accept-Encoding"}],"EndpointProperties":[{"Name":"fingerprint","Value":"5ofh3p24yr"},{"Name":"integrity","Value":"sha256-upkFcoAXNeGCGxwDNLl+ZHcQv0/Dr3qM/Z1SOyniFio="},{"Name":"label","Value":"js/rate-exchange.js.br"}]},{"Route":"js/rate-exchange.5ofh3p24yr.js.gz","AssetFile":"js/rate-exchange.js.gz","Selectors":[],"ResponseHeaders":[{"Name":"Cache-Control","Value":"max-age=31536000, immutable"},{"Name":"Content-Encoding","Value":"gzip"},{"Name":"Content-Length","Value":"1612"},{"Name":"Content-Type","Value":"text/javascript"},{"Name":"ETag","Value":"\"k9esZqtuMWIZTHdj/dXPfRuIwJhaOPi4om6VPBMrBuQ=\""},{"Name":"Last-Modified","Value":"Sun, 18 Jan 2026 16:04:38 GMT"},{"Name":"Vary","Value":"Accept-Encoding"}],"EndpointProperties":[{"Name":"fingerprint","Value":"5ofh3p24yr"},{"Name":"integrity","Value":"sha256-k9esZqtuMWIZTHdj/dXPfRuIwJhaOPi4om6VPBMrBuQ="},{"Name":"label","Value":"js/rate-exchange.js.gz"}]},{"Route":"js/rate-exchange.js","AssetFile":"js/rate-exchange.js.gz","Selectors":[{"Name":"Content-Encoding","Value":"gzip","Quality":"0.000619962802"}],"ResponseHeaders":[{"Name":"Cache-Control","Value":"no-cache"},{"Name":"Content-Encoding","Value":"gzip"},{"Name":"Content-Length","Value":"1612"},{"Name":"Content-Type","Value":"text/javascript"},{"Name":"ETag","Value":"\"k9esZqtuMWIZTHdj/dXPfRuIwJhaOPi4om6VPBMrBuQ=\""},{"Name":"Last-Modified","Value":"Sun, 18 Jan 2026 16:04:38 GMT"},{"Name":"Vary","Value":"Accept-Encoding"}],"EndpointProperties":[{"Name":"integrity","Value":"sha256-a4+HwNijeGHsRBGjOxKq7pC/kTmfLrvAARD8/y92gqg="},{"Name":"original-resource","Value":"\"a4+HwNijeGHsRBGjOxKq7pC/kTmfLrvAARD8/y92gqg=\""}]},{"Route":"js/rate-exchange.js","AssetFile":"js/rate-exchange.js.br","Selectors":[{"Name":"Content-Encoding","Value":"br","Quality":"0.000759301443"}],"ResponseHeaders":[{"Name":"Cache-Control","Value":"no-cache"},{"Name":"Content-Encoding","Value":"br"},{"Name":"Content-Length","Value":"1316"},{"Name":"Content-Type","Value":"text/javascript"},{"Name":"ETag","Value":"\"upkFcoAXNeGCGxwDNLl+ZHcQv0/Dr3qM/Z1SOyniFio=\""},{"Name":"Last-Modified","Value":"Sun, 18 Jan 2026 16:04:39 GMT"},{"Name":"Vary","Value":"Accept-Encoding"}],"EndpointProperties":[{"Name":"integrity","Value":"sha256-a4+HwNijeGHsRBGjOxKq7pC/kTmfLrvAARD8/y92gqg="},{"Name":"original-resource","Value":"\"a4+HwNijeGHsRBGjOxKq7pC/kTmfLrvAARD8/y92gqg=\""}]},{"Route":"js/rate-exchange.js","AssetFile":"js/rate-exchange.js","Selectors":[],"ResponseHeaders":[{"Name":"Cache-Control","Value":"no-cache"},{"Name":"Content-Length","Value":"5052"},{"Name":"Content-Type","Value":"text/javascript"},{"Name":"ETag","Value":"\"a4+HwNijeGHsRBGjOxKq7pC/kTmfLrvAARD8/y92gqg=\""},{"Name":"Last-Modified","Value":"Sun, 18 Jan 2026 15:34:56 GMT"},{"Name":"Vary","Value":"Accept-Encoding"}],"EndpointProperties":[{"Name":"integrity","Value":"sha256-a4+HwNijeGHsRBGjOxKq7pC/kTmfLrvAARD8/y92gqg="}]},{"Route":"js/rate-exchange.js.br","AssetFile":"js/rate-exchange.js.br","Selectors":[],"ResponseHeaders":[{"Name":"Cache-Control","Value":"no-cache"},{"Name":"Content-Encoding","Value":"br"},{"Name":"Content-Length","Value":"1316"},{"Name":"Content-Type","Value":"text/javascript"},{"Name":"ETag","Value":"\"upkFcoAXNeGCGxwDNLl+ZHcQv0/Dr3qM/Z1SOyniFio=\""},{"Name":"Last-Modified","Value":"Sun, 18 Jan 2026 16:04:39 GMT"},{"Name":"Vary","Value":"Accept-Encoding"}],"EndpointProperties":[{"Name":"integrity","Value":"sha256-upkFcoAXNeGCGxwDNLl+ZHcQv0/Dr3qM/Z1SOyniFio="}]},{"Route":"js/rate-exchange.js.gz","AssetFile":"js/rate-exchange.js.gz","Selectors":[],"ResponseHeaders":[{"Name":"Cache-Control","Value":"no-cache"},{"Name":"Content-Encoding","Value":"gzip"},{"Name":"Content-Length","Value":"1612"},{"Name":"Content-Type","Value":"text/javascript"},{"Name":"ETag","Value":"\"k9esZqtuMWIZTHdj/dXPfRuIwJhaOPi4om6VPBMrBuQ=\""},{"Name":"Last-Modified","Value":"Sun, 18 Jan 2026 16:04:38 GMT"},{"Name":"Vary","Value":"Accept-Encoding"}],"EndpointProperties":[{"Name":"integrity","Value":"sha256-k9esZqtuMWIZTHdj/dXPfRuIwJhaOPi4om6VPBMrBuQ="}]},{"Route":"login.1cvstn1iiv.html","AssetFile":"login.html.br","Selectors":[{"Name":"Content-Encoding","Value":"br","Quality":"0.003095975232"}],"ResponseHeaders":[{"Name":"Cache-Control","Value":"max-age=31536000, immutable"},{"Name":"Content-Encoding","Value":"br"},{"Name":"Content-Length","Value":"322"},{"Name":"Content-Type","Value":"text/html"},{"Name":"ETag","Value":"\"iq7vp61SiQKsNtgn9MDWIpkjOztIe9xpBImXK4k+ggg=\""},{"Name":"Last-Modified","Value":"Sun, 18 Jan 2026 16:04:39 GMT"},{"Name":"Vary","Value":"Accept-Encoding"}],"EndpointProperties":[{"Name":"fingerprint","Value":"1cvstn1iiv"},{"Name":"integrity","Value":"sha256-oRYu1uTtI74yMi8P9w/C/0G/DSPL8bZYUBI16aF2UVE="},{"Name":"label","Value":"login.html"},{"Name":"original-resource","Value":"\"oRYu1uTtI74yMi8P9w/C/0G/DSPL8bZYUBI16aF2UVE=\""}]},{"Route":"login.1cvstn1iiv.html","AssetFile":"login.html.gz","Selectors":[{"Name":"Content-Encoding","Value":"gzip","Quality":"0.002040816327"}],"ResponseHeaders":[{"Name":"Cache-Control","Value":"max-age=31536000, immutable"},{"Name":"Content-Encoding","Value":"gzip"},{"Name":"Content-Length","Value":"489"},{"Name":"Content-Type","Value":"text/html"},{"Name":"ETag","Value":"\"1oqjXXbxHl8+50Ag0IO5rFfhRtJTTZ5DjyHNBOkRQok=\""},{"Name":"Last-Modified","Value":"Sun, 18 Jan 2026 16:04:38 GMT"},{"Name":"Vary","Value":"Accept-Encoding"}],"EndpointProperties":[{"Name":"fingerprint","Value":"1cvstn1iiv"},{"Name":"integrity","Value":"sha256-oRYu1uTtI74yMi8P9w/C/0G/DSPL8bZYUBI16aF2UVE="},{"Name":"label","Value":"login.html"},{"Name":"original-resource","Value":"\"oRYu1uTtI74yMi8P9w/C/0G/DSPL8bZYUBI16aF2UVE=\""}]},{"Route":"login.1cvstn1iiv.html","AssetFile":"login.html","Selectors":[],"ResponseHeaders":[{"Name":"Cache-Control","Value":"max-age=31536000, immutable"},{"Name":"Content-Length","Value":"1002"},{"Name":"Content-Type","Value":"text/html"},{"Name":"ETag","Value":"\"oRYu1uTtI74yMi8P9w/C/0G/DSPL8bZYUBI16aF2UVE=\""},{"Name":"Last-Modified","Value":"Sun, 18 Jan 2026 15:33:46 GMT"},{"Name":"Vary","Value":"Accept-Encoding"}],"EndpointProperties":[{"Name":"fingerprint","Value":"1cvstn1iiv"},{"Name":"integrity","Value":"sha256-oRYu1uTtI74yMi8P9w/C/0G/DSPL8bZYUBI16aF2UVE="},{"Name":"label","Value":"login.html"}]},{"Route":"login.1cvstn1iiv.html.br","AssetFile":"login.html.br","Selectors":[],"ResponseHeaders":[{"Name":"Cache-Control","Value":"max-age=31536000, immutable"},{"Name":"Content-Encoding","Value":"br"},{"Name":"Content-Length","Value":"322"},{"Name":"Content-Type","Value":"text/html"},{"Name":"ETag","Value":"\"iq7vp61SiQKsNtgn9MDWIpkjOztIe9xpBImXK4k+ggg=\""},{"Name":"Last-Modified","Value":"Sun, 18 Jan 2026 16:04:39 GMT"},{"Name":"Vary","Value":"Accept-Encoding"}],"EndpointProperties":[{"Name":"fingerprint","Value":"1cvstn1iiv"},{"Name":"integrity","Value":"sha256-iq7vp61SiQKsNtgn9MDWIpkjOztIe9xpBImXK4k+ggg="},{"Name":"label","Value":"login.html.br"}]},{"Route":"login.1cvstn1iiv.html.gz","AssetFile":"login.html.gz","Selectors":[],"ResponseHeaders":[{"Name":"Cache-Control","Value":"max-age=31536000, immutable"},{"Name":"Content-Encoding","Value":"gzip"},{"Name":"Content-Length","Value":"489"},{"Name":"Content-Type","Value":"text/html"},{"Name":"ETag","Value":"\"1oqjXXbxHl8+50Ag0IO5rFfhRtJTTZ5DjyHNBOkRQok=\""},{"Name":"Last-Modified","Value":"Sun, 18 Jan 2026 16:04:38 GMT"},{"Name":"Vary","Value":"Accept-Encoding"}],"EndpointProperties":[{"Name":"fingerprint","Value":"1cvstn1iiv"},{"Name":"integrity","Value":"sha256-1oqjXXbxHl8+50Ag0IO5rFfhRtJTTZ5DjyHNBOkRQok="},{"Name":"label","Value":"login.html.gz"}]},{"Route":"login.html","AssetFile":"login.html.br","Selectors":[{"Name":"Content-Encoding","Value":"br","Quality":"0.003095975232"}],"ResponseHeaders":[{"Name":"Cache-Control","Value":"no-cache"},{"Name":"Content-Encoding","Value":"br"},{"Name":"Content-Length","Value":"322"},{"Name":"Content-Type","Value":"text/html"},{"Name":"ETag","Value":"\"iq7vp61SiQKsNtgn9MDWIpkjOztIe9xpBImXK4k+ggg=\""},{"Name":"Last-Modified","Value":"Sun, 18 Jan 2026 16:04:39 GMT"},{"Name":"Vary","Value":"Accept-Encoding"}],"EndpointProperties":[{"Name":"integrity","Value":"sha256-oRYu1uTtI74yMi8P9w/C/0G/DSPL8bZYUBI16aF2UVE="},{"Name":"original-resource","Value":"\"oRYu1uTtI74yMi8P9w/C/0G/DSPL8bZYUBI16aF2UVE=\""}]},{"Route":"login.html","AssetFile":"login.html.gz","Selectors":[{"Name":"Content-Encoding","Value":"gzip","Quality":"0.002040816327"}],"ResponseHeaders":[{"Name":"Cache-Control","Value":"no-cache"},{"Name":"Content-Encoding","Value":"gzip"},{"Name":"Content-Length","Value":"489"},{"Name":"Content-Type","Value":"text/html"},{"Name":"ETag","Value":"\"1oqjXXbxHl8+50Ag0IO5rFfhRtJTTZ5DjyHNBOkRQok=\""},{"Name":"Last-Modified","Value":"Sun, 18 Jan 2026 16:04:38 GMT"},{"Name":"Vary","Value":"Accept-Encoding"}],"EndpointProperties":[{"Name":"integrity","Value":"sha256-oRYu1uTtI74yMi8P9w/C/0G/DSPL8bZYUBI16aF2UVE="},{"Name":"original-resource","Value":"\"oRYu1uTtI74yMi8P9w/C/0G/DSPL8bZYUBI16aF2UVE=\""}]},{"Route":"login.html","AssetFile":"login.html","Selectors":[],"ResponseHeaders":[{"Name":"Cache-Control","Value":"no-cache"},{"Name":"Content-Length","Value":"1002"},{"Name":"Content-Type","Value":"text/html"},{"Name":"ETag","Value":"\"oRYu1uTtI74yMi8P9w/C/0G/DSPL8bZYUBI16aF2UVE=\""},{"Name":"Last-Modified","Value":"Sun, 18 Jan 2026 15:33:46 GMT"},{"Name":"Vary","Value":"Accept-Encoding"}],"EndpointProperties":[{"Name":"integrity","Value":"sha256-oRYu1uTtI74yMi8P9w/C/0G/DSPL8bZYUBI16aF2UVE="}]},{"Route":"login.html.br","AssetFile":"login.html.br","Selectors":[],"ResponseHeaders":[{"Name":"Cache-Control","Value":"no-cache"},{"Name":"Content-Encoding","Value":"br"},{"Name":"Content-Length","Value":"322"},{"Name":"Content-Type","Value":"text/html"},{"Name":"ETag","Value":"\"iq7vp61SiQKsNtgn9MDWIpkjOztIe9xpBImXK4k+ggg=\""},{"Name":"Last-Modified","Value":"Sun, 18 Jan 2026 16:04:39 GMT"},{"Name":"Vary","Value":"Accept-Encoding"}],"EndpointProperties":[{"Name":"integrity","Value":"sha256-iq7vp61SiQKsNtgn9MDWIpkjOztIe9xpBImXK4k+ggg="}]},{"Route":"login.html.gz","AssetFile":"login.html.gz","Selectors":[],"ResponseHeaders":[{"Name":"Cache-Control","Value":"no-cache"},{"Name":"Content-Encoding","Value":"gzip"},{"Name":"Content-Length","Value":"489"},{"Name":"Content-Type","Value":"text/html"},{"Name":"ETag","Value":"\"1oqjXXbxHl8+50Ag0IO5rFfhRtJTTZ5DjyHNBOkRQok=\""},{"Name":"Last-Modified","Value":"Sun, 18 Jan 2026 16:04:38 GMT"},{"Name":"Vary","Value":"Accept-Encoding"}],"EndpointProperties":[{"Name":"integrity","Value":"sha256-1oqjXXbxHl8+50Ag0IO5rFfhRtJTTZ5DjyHNBOkRQok="}]},{"Route":"rate-exchange.html","AssetFile":"rate-exchange.html.gz","Selectors":[{"Name":"Content-Encoding","Value":"gzip","Quality":"0.001280409731"}],"ResponseHeaders":[{"Name":"Cache-Control","Value":"no-cache"},{"Name":"Content-Encoding","Value":"gzip"},{"Name":"Content-Length","Value":"780"},{"Name":"Content-Type","Value":"text/html"},{"Name":"ETag","Value":"\"0DHJeo90m4I81AKdaJrPW5K8U5MuzRlg2Fpc9GBi8Tc=\""},{"Name":"Last-Modified","Value":"Sun, 18 Jan 2026 16:04:38 GMT"},{"Name":"Vary","Value":"Accept-Encoding"}],"EndpointProperties":[{"Name":"integrity","Value":"sha256-MuT3royWKIJGolT/zNOADfc32QdELk/Vz2+aR91B+s4="},{"Name":"original-resource","Value":"\"MuT3royWKIJGolT/zNOADfc32QdELk/Vz2+aR91B+s4=\""}]},{"Route":"rate-exchange.html","AssetFile":"rate-exchange.html.br","Selectors":[{"Name":"Content-Encoding","Value":"br","Quality":"0.001915708812"}],"ResponseHeaders":[{"Name":"Cache-Control","Value":"no-cache"},{"Name":"Content-Encoding","Value":"br"},{"Name":"Content-Length","Value":"521"},{"Name":"Content-Type","Value":"text/html"},{"Name":"ETag","Value":"\"1C4wr+ffYCxPAUtFcnWFBzDs98u6NOLeGQbCKMNuRCM=\""},{"Name":"Last-Modified","Value":"Sun, 18 Jan 2026 16:04:39 GMT"},{"Name":"Vary","Value":"Accept-Encoding"}],"EndpointProperties":[{"Name":"integrity","Value":"sha256-MuT3royWKIJGolT/zNOADfc32QdELk/Vz2+aR91B+s4="},{"Name":"original-resource","Value":"\"MuT3royWKIJGolT/zNOADfc32QdELk/Vz2+aR91B+s4=\""}]},{"Route":"rate-exchange.html","AssetFile":"rate-exchange.html","Selectors":[],"ResponseHeaders":[{"Name":"Cache-Control","Value":"no-cache"},{"Name":"Content-Length","Value":"2990"},{"Name":"Content-Type","Value":"text/html"},{"Name":"ETag","Value":"\"MuT3royWKIJGolT/zNOADfc32QdELk/Vz2+aR91B+s4=\""},{"Name":"Last-Modified","Value":"Sat, 10 Jan 2026 16:54:49 GMT"},{"Name":"Vary","Value":"Accept-Encoding"}],"EndpointProperties":[{"Name":"integrity","Value":"sha256-MuT3royWKIJGolT/zNOADfc32QdELk/Vz2+aR91B+s4="}]},{"Route":"rate-exchange.html.br","AssetFile":"rate-exchange.html.br","Selectors":[],"ResponseHeaders":[{"Name":"Cache-Control","Value":"no-cache"},{"Name":"Content-Encoding","Value":"br"},{"Name":"Content-Length","Value":"521"},{"Name":"Content-Type","Value":"text/html"},{"Name":"ETag","Value":"\"1C4wr+ffYCxPAUtFcnWFBzDs98u6NOLeGQbCKMNuRCM=\""},{"Name":"Last-Modified","Value":"Sun, 18 Jan 2026 16:04:39 GMT"},{"Name":"Vary","Value":"Accept-Encoding"}],"EndpointProperties":[{"Name":"integrity","Value":"sha256-1C4wr+ffYCxPAUtFcnWFBzDs98u6NOLeGQbCKMNuRCM="}]},{"Route":"rate-exchange.html.gz","AssetFile":"rate-exchange.html.gz","Selectors":[],"ResponseHeaders":[{"Name":"Cache-Control","Value":"no-cache"},{"Name":"Content-Encoding","Value":"gzip"},{"Name":"Content-Length","Value":"780"},{"Name":"Content-Type","Value":"text/html"},{"Name":"ETag","Value":"\"0DHJeo90m4I81AKdaJrPW5K8U5MuzRlg2Fpc9GBi8Tc=\""},{"Name":"Last-Modified","Value":"Sun, 18 Jan 2026 16:04:38 GMT"},{"Name":"Vary","Value":"Accept-Encoding"}],"EndpointProperties":[{"Name":"integrity","Value":"sha256-0DHJeo90m4I81AKdaJrPW5K8U5MuzRlg2Fpc9GBi8Tc="}]},{"Route":"rate-exchange.qmshx2zsii.html","AssetFile":"rate-exchange.html.gz","Selectors":[{"Name":"Content-Encoding","Value":"gzip","Quality":"0.001280409731"}],"ResponseHeaders":[{"Name":"Cache-Control","Value":"max-age=31536000, immutable"},{"Name":"Content-Encoding","Value":"gzip"},{"Name":"Content-Length","Value":"780"},{"Name":"Content-Type","Value":"text/html"},{"Name":"ETag","Value":"\"0DHJeo90m4I81AKdaJrPW5K8U5MuzRlg2Fpc9GBi8Tc=\""},{"Name":"Last-Modified","Value":"Sun, 18 Jan 2026 16:04:38 GMT"},{"Name":"Vary","Value":"Accept-Encoding"}],"EndpointProperties":[{"Name":"fingerprint","Value":"qmshx2zsii"},{"Name":"integrity","Value":"sha256-MuT3royWKIJGolT/zNOADfc32QdELk/Vz2+aR91B+s4="},{"Name":"label","Value":"rate-exchange.html"},{"Name":"original-resource","Value":"\"MuT3royWKIJGolT/zNOADfc32QdELk/Vz2+aR91B+s4=\""}]},{"Route":"rate-exchange.qmshx2zsii.html","AssetFile":"rate-exchange.html.br","Selectors":[{"Name":"Content-Encoding","Value":"br","Quality":"0.001915708812"}],"ResponseHeaders":[{"Name":"Cache-Control","Value":"max-age=31536000, immutable"},{"Name":"Content-Encoding","Value":"br"},{"Name":"Content-Length","Value":"521"},{"Name":"Content-Type","Value":"text/html"},{"Name":"ETag","Value":"\"1C4wr+ffYCxPAUtFcnWFBzDs98u6NOLeGQbCKMNuRCM=\""},{"Name":"Last-Modified","Value":"Sun, 18 Jan 2026 16:04:39 GMT"},{"Name":"Vary","Value":"Accept-Encoding"}],"EndpointProperties":[{"Name":"fingerprint","Value":"qmshx2zsii"},{"Name":"integrity","Value":"sha256-MuT3royWKIJGolT/zNOADfc32QdELk/Vz2+aR91B+s4="},{"Name":"label","Value":"rate-exchange.html"},{"Name":"original-resource","Value":"\"MuT3royWKIJGolT/zNOADfc32QdELk/Vz2+aR91B+s4=\""}]},{"Route":"rate-exchange.qmshx2zsii.html","AssetFile":"rate-exchange.html","Selectors":[],"ResponseHeaders":[{"Name":"Cache-Control","Value":"max-age=31536000, immutable"},{"Name":"Content-Length","Value":"2990"},{"Name":"Content-Type","Value":"text/html"},{"Name":"ETag","Value":"\"MuT3royWKIJGolT/zNOADfc32QdELk/Vz2+aR91B+s4=\""},{"Name":"Last-Modified","Value":"Sat, 10 Jan 2026 16:54:49 GMT"},{"Name":"Vary","Value":"Accept-Encoding"}],"EndpointProperties":[{"Name":"fingerprint","Value":"qmshx2zsii"},{"Name":"integrity","Value":"sha256-MuT3royWKIJGolT/zNOADfc32QdELk/Vz2+aR91B+s4="},{"Name":"label","Value":"rate-exchange.html"}]},{"Route":"rate-exchange.qmshx2zsii.html.br","AssetFile":"rate-exchange.html.br","Selectors":[],"ResponseHeaders":[{"Name":"Cache-Control","Value":"max-age=31536000, immutable"},{"Name":"Content-Encoding","Value":"br"},{"Name":"Content-Length","Value":"521"},{"Name":"Content-Type","Value":"text/html"},{"Name":"ETag","Value":"\"1C4wr+ffYCxPAUtFcnWFBzDs98u6NOLeGQbCKMNuRCM=\""},{"Name":"Last-Modified","Value":"Sun, 18 Jan 2026 16:04:39 GMT"},{"Name":"Vary","Value":"Accept-Encoding"}],"EndpointProperties":[{"Name":"fingerprint","Value":"qmshx2zsii"},{"Name":"integrity","Value":"sha256-1C4wr+ffYCxPAUtFcnWFBzDs98u6NOLeGQbCKMNuRCM="},{"Name":"label","Value":"rate-exchange.html.br"}]},{"Route":"rate-exchange.qmshx2zsii.html.gz","AssetFile":"rate-exchange.html.gz","Selectors":[],"ResponseHeaders":[{"Name":"Cache-Control","Value":"max-age=31536000, immutable"},{"Name":"Content-Encoding","Value":"gzip"},{"Name":"Content-Length","Value":"780"},{"Name":"Content-Type","Value":"text/html"},{"Name":"ETag","Value":"\"0DHJeo90m4I81AKdaJrPW5K8U5MuzRlg2Fpc9GBi8Tc=\""},{"Name":"Last-Modified","Value":"Sun, 18 Jan 2026 16:04:38 GMT"},{"Name":"Vary","Value":"Accept-Encoding"}],"EndpointProperties":[{"Name":"fingerprint","Value":"qmshx2zsii"},{"Name":"integrity","Value":"sha256-0DHJeo90m4I81AKdaJrPW5K8U5MuzRlg2Fpc9GBi8Tc="},{"Name":"label","Value":"rate-exchange.html.gz"}]},{"Route":"tools.html","AssetFile":"tools.html.br","Selectors":[{"Name":"Content-Encoding","Value":"br","Quality":"0.001587301587"}],"ResponseHeaders":[{"Name":"Cache-Control","Value":"no-cache"},{"Name":"Content-Encoding","Value":"br"},{"Name":"Content-Length","Value":"629"},{"Name":"Content-Type","Value":"text/html"},{"Name":"ETag","Value":"\"G2y3Uzf2wJXlW7i7ccid8hTAXNZMsJwajqxfLZp0QoA=\""},{"Name":"Last-Modified","Value":"Sun, 18 Jan 2026 16:04:39 GMT"},{"Name":"Vary","Value":"Accept-Encoding"}],"EndpointProperties":[{"Name":"integrity","Value":"sha256-FRP4r5iYxtR9PBCuuXta+y7ZTqQs209vmMiovdnphVs="},{"Name":"original-resource","Value":"\"FRP4r5iYxtR9PBCuuXta+y7ZTqQs209vmMiovdnphVs=\""}]},{"Route":"tools.html","AssetFile":"tools.html.gz","Selectors":[{"Name":"Content-Encoding","Value":"gzip","Quality":"0.001154734411"}],"ResponseHeaders":[{"Name":"Cache-Control","Value":"no-cache"},{"Name":"Content-Encoding","Value":"gzip"},{"Name":"Content-Length","Value":"865"},{"Name":"Content-Type","Value":"text/html"},{"Name":"ETag","Value":"\"RUl3jF4b+K1JTwrHt58mvD18w+e5+FdTpCpmF1uqGUg=\""},{"Name":"Last-Modified","Value":"Sun, 18 Jan 2026 16:04:38 GMT"},{"Name":"Vary","Value":"Accept-Encoding"}],"EndpointProperties":[{"Name":"integrity","Value":"sha256-FRP4r5iYxtR9PBCuuXta+y7ZTqQs209vmMiovdnphVs="},{"Name":"original-resource","Value":"\"FRP4r5iYxtR9PBCuuXta+y7ZTqQs209vmMiovdnphVs=\""}]},{"Route":"tools.html","AssetFile":"tools.html","Selectors":[],"ResponseHeaders":[{"Name":"Cache-Control","Value":"no-cache"},{"Name":"Content-Length","Value":"1943"},{"Name":"Content-Type","Value":"text/html"},{"Name":"ETag","Value":"\"FRP4r5iYxtR9PBCuuXta+y7ZTqQs209vmMiovdnphVs=\""},{"Name":"Last-Modified","Value":"Sun, 18 Jan 2026 15:34:26 GMT"},{"Name":"Vary","Value":"Accept-Encoding"}],"EndpointProperties":[{"Name":"integrity","Value":"sha256-FRP4r5iYxtR9PBCuuXta+y7ZTqQs209vmMiovdnphVs="}]},{"Route":"tools.html.br","AssetFile":"tools.html.br","Selectors":[],"ResponseHeaders":[{"Name":"Cache-Control","Value":"no-cache"},{"Name":"Content-Encoding","Value":"br"},{"Name":"Content-Length","Value":"629"},{"Name":"Content-Type","Value":"text/html"},{"Name":"ETag","Value":"\"G2y3Uzf2wJXlW7i7ccid8hTAXNZMsJwajqxfLZp0QoA=\""},{"Name":"Last-Modified","Value":"Sun, 18 Jan 2026 16:04:39 GMT"},{"Name":"Vary","Value":"Accept-Encoding"}],"EndpointProperties":[{"Name":"integrity","Value":"sha256-G2y3Uzf2wJXlW7i7ccid8hTAXNZMsJwajqxfLZp0QoA="}]},{"Route":"tools.html.gz","AssetFile":"tools.html.gz","Selectors":[],"ResponseHeaders":[{"Name":"Cache-Control","Value":"no-cache"},{"Name":"Content-Encoding","Value":"gzip"},{"Name":"Content-Length","Value":"865"},{"Name":"Content-Type","Value":"text/html"},{"Name":"ETag","Value":"\"RUl3jF4b+K1JTwrHt58mvD18w+e5+FdTpCpmF1uqGUg=\""},{"Name":"Last-Modified","Value":"Sun, 18 Jan 2026 16:04:38 GMT"},{"Name":"Vary","Value":"Accept-Encoding"}],"EndpointProperties":[{"Name":"integrity","Value":"sha256-RUl3jF4b+K1JTwrHt58mvD18w+e5+FdTpCpmF1uqGUg="}]},{"Route":"tools.l8ijw4szn7.html","AssetFile":"tools.html.br","Selectors":[{"Name":"Content-Encoding","Value":"br","Quality":"0.001587301587"}],"ResponseHeaders":[{"Name":"Cache-Control","Value":"max-age=31536000, immutable"},{"Name":"Content-Encoding","Value":"br"},{"Name":"Content-Length","Value":"629"},{"Name":"Content-Type","Value":"text/html"},{"Name":"ETag","Value":"\"G2y3Uzf2wJXlW7i7ccid8hTAXNZMsJwajqxfLZp0QoA=\""},{"Name":"Last-Modified","Value":"Sun, 18 Jan 2026 16:04:39 GMT"},{"Name":"Vary","Value":"Accept-Encoding"}],"EndpointProperties":[{"Name":"fingerprint","Value":"l8ijw4szn7"},{"Name":"integrity","Value":"sha256-FRP4r5iYxtR9PBCuuXta+y7ZTqQs209vmMiovdnphVs="},{"Name":"label","Value":"tools.html"},{"Name":"original-resource","Value":"\"FRP4r5iYxtR9PBCuuXta+y7ZTqQs209vmMiovdnphVs=\""}]},{"Route":"tools.l8ijw4szn7.html","AssetFile":"tools.html.gz","Selectors":[{"Name":"Content-Encoding","Value":"gzip","Quality":"0.001154734411"}],"ResponseHeaders":[{"Name":"Cache-Control","Value":"max-age=31536000, immutable"},{"Name":"Content-Encoding","Value":"gzip"},{"Name":"Content-Length","Value":"865"},{"Name":"Content-Type","Value":"text/html"},{"Name":"ETag","Value":"\"RUl3jF4b+K1JTwrHt58mvD18w+e5+FdTpCpmF1uqGUg=\""},{"Name":"Last-Modified","Value":"Sun, 18 Jan 2026 16:04:38 GMT"},{"Name":"Vary","Value":"Accept-Encoding"}],"EndpointProperties":[{"Name":"fingerprint","Value":"l8ijw4szn7"},{"Name":"integrity","Value":"sha256-FRP4r5iYxtR9PBCuuXta+y7ZTqQs209vmMiovdnphVs="},{"Name":"label","Value":"tools.html"},{"Name":"original-resource","Value":"\"FRP4r5iYxtR9PBCuuXta+y7ZTqQs209vmMiovdnphVs=\""}]},{"Route":"tools.l8ijw4szn7.html","AssetFile":"tools.html","Selectors":[],"ResponseHeaders":[{"Name":"Cache-Control","Value":"max-age=31536000, immutable"},{"Name":"Content-Length","Value":"1943"},{"Name":"Content-Type","Value":"text/html"},{"Name":"ETag","Value":"\"FRP4r5iYxtR9PBCuuXta+y7ZTqQs209vmMiovdnphVs=\""},{"Name":"Last-Modified","Value":"Sun, 18 Jan 2026 15:34:26 GMT"},{"Name":"Vary","Value":"Accept-Encoding"}],"EndpointProperties":[{"Name":"fingerprint","Value":"l8ijw4szn7"},{"Name":"integrity","Value":"sha256-FRP4r5iYxtR9PBCuuXta+y7ZTqQs209vmMiovdnphVs="},{"Name":"label","Value":"tools.html"}]},{"Route":"tools.l8ijw4szn7.html.br","AssetFile":"tools.html.br","Selectors":[],"ResponseHeaders":[{"Name":"Cache-Control","Value":"max-age=31536000, immutable"},{"Name":"Content-Encoding","Value":"br"},{"Name":"Content-Length","Value":"629"},{"Name":"Content-Type","Value":"text/html"},{"Name":"ETag","Value":"\"G2y3Uzf2wJXlW7i7ccid8hTAXNZMsJwajqxfLZp0QoA=\""},{"Name":"Last-Modified","Value":"Sun, 18 Jan 2026 16:04:39 GMT"},{"Name":"Vary","Value":"Accept-Encoding"}],"EndpointProperties":[{"Name":"fingerprint","Value":"l8ijw4szn7"},{"Name":"integrity","Value":"sha256-G2y3Uzf2wJXlW7i7ccid8hTAXNZMsJwajqxfLZp0QoA="},{"Name":"label","Value":"tools.html.br"}]},{"Route":"tools.l8ijw4szn7.html.gz","AssetFile":"tools.html.gz","Selectors":[],"ResponseHeaders":[{"Name":"Cache-Control","Value":"max-age=31536000, immutable"},{"Name":"Content-Encoding","Value":"gzip"},{"Name":"Content-Length","Value":"865"},{"Name":"Content-Type","Value":"text/html"},{"Name":"ETag","Value":"\"RUl3jF4b+K1JTwrHt58mvD18w+e5+FdTpCpmF1uqGUg=\""},{"Name":"Last-Modified","Value":"Sun, 18 Jan 2026 16:04:38 GMT"},{"Name":"Vary","Value":"Accept-Encoding"}],"EndpointProperties":[{"Name":"fingerprint","Value":"l8ijw4szn7"},{"Name":"integrity","Value":"sha256-RUl3jF4b+K1JTwrHt58mvD18w+e5+FdTpCpmF1uqGUg="},{"Name":"label","Value":"tools.html.gz"}]}]}